<?xml version="1.0" encoding="UTF-8"?>
<beans xmlns="http://www.springframework.org/schema/beans"
       xmlns:aop="http://www.springframework.org/schema/aop"
       xmlns:tx="http://www.springframework.org/schema/tx"
       xmlns:context="http://www.springframework.org/schema/context"
       xmlns:xsi="http://www.w3.org/2001/XMLSchema-instance"
       xsi:schemaLocation="http://www.springframework.org/schema/beans
       http://www.springframework.org/schema/beans/spring-beans.xsd
       http://www.springframework.org/schema/context
       http://www.springframework.org/schema/context/spring-context.xsd
       http://www.springframework.org/schema/tx
       http://www.springframework.org/schema/tx/spring-tx.xsd
       http://www.springframework.org/schema/aop
       http://www.springframework.org/schema/aop/spring-aop.xsd">
<!-- 关联数据库-->
    <context:property-placeholder location="classpath:database.properties"/>
<!--    配置数据库连接池-->
    <bean id="dataSource" class="com.mchange.v2.c3p0.ComboPooledDataSource">
        <property name="driverClass" value="${jdbc.driver}"/>
        <property name="jdbcUrl" value="${jdbc.url}"/>
        <property name="user" value="${jdbc.username}"/>
        <property name="password" value="${jdbc.password}"/>
        <property name="minPoolSize" value="10"/>
        <property name="maxPoolSize" value="30"/>
    </bean>
<!--    注入sqlSessionFactory-->
    <bean id="sqlSessionFactory" class="org.mybatis.spring.SqlSessionFactoryBean">
<!--        注入数据库连接池-->
        <property name="dataSource" ref="dataSource"/>
<!--        关联mybatis的核心配置文件-->
        <property name="configLocation" value="classpath:mybatis-config.xml"/>
<!--        指定mapper的映射文件-->
        <property name="mapperLocations" value="classpath:com/ly/mapper/*.xml"/>
<!--        配置pagehelper-->
        <property name="plugins">
            <array>
                <bean class="com.github.pagehelper.PageInterceptor">
                    <property name="properties">
                        <value>
                            reasonable=true
                        </value>
                    </property>
                </bean>
            </array>
        </property>
    </bean>

<!--    扫描mapper-->
    <bean class="org.mybatis.spring.mapper.MapperScannerConfigurer">
        <property name="sqlSessionFactoryBeanName" value="sqlSessionFactory"/>
        <property name="basePackage" value="com.ly.mapper"/>
    </bean>

<!--    扫描service，是注解生效-->
    <context:component-scan base-package="com.ly.service"/>
    <context:component-scan base-package="com.ly.Filter"/>

<!--    配置事务-->
    <bean id="txManager" class="org.springframework.jdbc.datasource.DataSourceTransactionManager">
        <property name="dataSource" ref="dataSource"/>
    </bean>

<!--    配置事务的通知-->
    <tx:advice id="txAdvice" transaction-manager="txManager">
        <tx:attributes>
            <tx:method name="*" propagation="REQUIRED"/>
        </tx:attributes>
    </tx:advice>

<!--    配置aop事务-->
    <aop:config>
        <aop:pointcut id="txPointCut" expression="execution(* com.ly.service.*.*(..))"/>
        <aop:advisor advice-ref="txAdvice" pointcut-ref="txPointCut"/>
    </aop:config>
</beans>