<?xml version="1.0" encoding="UTF-8"?>
<!DOCTYPE mapper PUBLIC "-//mybatis.org//DTD Mapper 3.0//EN"
        "http://mybatis.org/dtd/mybatis-3-mapper.dtd">
<mapper namespace="com.ly.mapper.StudentMapper">

    <insert id="addStudent">
        insert into student(name, gender, birthday) values (#{name},#{gender},#{birthday})
    </insert>

    <update id="updateStudent">
        update student set name=#{name},gender=#{gender},birthday=#{birthday} where id=#{id}
    </update>

    <delete id="deleteStudent">
        delete  from student where id = #{id}
    </delete>

    <select id="getStudentList" resultType="com.ly.pojo.Student">
        select * from student
    </select>
    

</mapper>
