<?xml version="1.0" encoding="UTF-8"?>
<!DOCTYPE mapper PUBLIC "-//mybatis.org//DTD Mapper 3.0//EN"
        "http://mybatis.org/dtd/mybatis-3-mapper.dtd">
<mapper namespace="com.ly.mapper.TeacherMapper">
    <insert id="insertTeacher">
        insert into teacher values (#{username},#{password})
    </insert>

    <update id="updatePassword">
        update teacher set password=#{password} where username=#{username}
    </update>

    <select id="searchTeacher" resultType="com.ly.pojo.Teacher">
        select * from teacher where username=#{username} and password=#{password}
    </select>
    <select id="searchTeacherByUsername" resultType="com.ly.pojo.Teacher">
        select * from teacher where username=#{username}
    </select>
</mapper>